absolute_ofdm_block,kind,data_row,peak,rms,waveform_hash
1,data,0,1.2481142286433033,0.17288882976288988,83e09e19b2572c3c8c093c9bdd74d25a2f1aa326312fb5d43f246c954c30c056
2,data,1,1.3030232225612928,0.17068697924039186,b5ed0e16e65766797ec95acd1a8a210896caa49236bbdf30d579f0862b6205d5
3,data,2,1.4793377199850615,0.17232171467403454,cde37fb70ef5cb555cd1d594c320c19ce65fbf46bbd0174841766df6853f9719
4,data,3,1.5921339437789763,0.17238657038307126,05553626c8e19480c92f2fd9edcb0562137fec531416cc57d39253d715fb0f52
5,data,4,1.2942626160330373,0.17052708802247862,f9f347d0de31084cfb73e127fd9b4e0adcfd92450ddb83509f54f2f749afceb4
6,data,5,1.4829758124352064,0.1718517263647875,a1d2fcfa432e4f4bf583ad309b7d9c5cf5e28e2322a91ba9d0f358eb84f30fe4
7,data,6,1.5919712687426082,0.1705148712901571,02de58a686cea31a32bd8a8eab09d65c9a31ea120ddb1037867cdf798dfdff0b
8,data,7,1.6032882277210556,0.17168449175145864,fd0a10e16864a42136d13169b8bafcc4ca7f19738f44ad93fb638dfb20a53d68
9,data,8,1.2747687878466532,0.17150411117886985,c124bbbeb96042ff884279e86e8d57e0c600b795c14406f1d695bab54c9a5236
10,data,9,1.1494891380460457,0.17190681440108968,8a28f8b1e3d5d99c5456c9de1681d4cbc5d22f1e6e9b275527d6a04498fae482
11,data,10,1.5747103909563398,0.17020024928514366,c32b1f69cb406d89b1b2bfe7afb8ebe0e602d572fbbb3f4a4ce7f4eaf0201dbb
12,data,11,1.1665668467038808,0.17194262084299963,378aad01bac95b1e71496153e68c24c9c8b4452d9b6f1c4d1267172ebad0dd2e
13,data,12,1.3644713976533782,0.1707594827423516,b4b7dc78c6ea6e5969529b1fab8242b3043cfe974a47ae614af4299e8b057d42
14,data,13,1.5531568740962487,0.17316020796292672,1846233297207bbbdba779d6d37dea1ba76081daf8a91d90a63f9375bb1593cf
15,data,14,1.3608813529894905,0.17141305339924773,77c363a20a0cb2721e26d71b6dac016a440c94b025ec62445da601bd47c80b2d
16,data,15,1.4706076800193242,0.1706238513044772,2dcb084dd51ecde0cc940f39a7b53553e05cf4ec28473db6851180841465fe00
17,data,16,1.1463814711156672,0.17115060703874335,c2193db4a6f2a48fd0be3580ad70d557c61fb2ad42f0d74b904432d35260fd63
18,data,17,1.4126816102130675,0.1722596591312662,7eb67e8b576d12921195c29dd37388c7f1d9717e1aa309248ae32bbda4aa1292
19,data,18,1.3176575241618909,0.1708518728840816,81082e7d181377062cf0b39aac48c1f70b96cc079bb8a316da86698100136881
20,known_pilot,,0.6320511926737163,0.1716992297725869,7c5e5f69ea47134d9a0902b6dcfa59559b3c326b209a26dc4c91d53ea20f9759
21,data,19,1.4002234389331036,0.16918002774244317,934cb23d4807fcac3ac1fc8f692d678aa2e9e2896d5c91c979e3918928ea2733
22,data,20,1.2294400314623557,0.17126656564027512,87d22767ea60ff786b3d03bf894edd08a48631cf16d79597e2a8d3c54944f085
23,data,21,1.2618996615612568,0.17188637083132458,7a5f245ce601283c6b5237bdde73fc61d5231180a439a203c24a9292814cb2e5
24,data,22,1.2652179300417334,0.1702524537007903,a068763f55c54914b85c25ec79b7d44da964aafa51201918fb8fb88d19680ef4
25,data,23,1.311324132405769,0.1709546023720651,5e8a864f28fef2ab8c977a31d9acd32b1eda69089678c845981be0c5a6c1c71f
26,data,24,1.4497279264011758,0.17107143675937986,b976adce903e4b70a90f9f49367f88bcd51a378143213bf14ad6f74b28b3b69f
27,data,25,1.5954791517857232,0.17094069769891246,77aeb064aaddc4afe2c7dbd216c2ec19ef682b6a50bdb4dffa832c2ca9cf82c1
28,data,26,1.2972784626157001,0.17178131813022865,30bfdfe5c4b58f23300cb6e2e5f75f9734a597639e357de54d37b3b3454a990a
29,data,27,1.7607030715170442,0.17250720277321333,c38d3c3a1bd553e6ac61e2257f3f0432ff913b4d32adb174d74885b578780f57
30,data,28,1.3087071063213378,0.1705279540472027,ce198cdce5a2a1691ef4dc63332db3eef86efcf56e218079975c814ad267f716
31,data,29,1.3680627407926504,0.17058191661601474,c3fb8c20a9697abbb4a8bb468c19c53d9c6f4396484f7cff6e1bc1aa8dfeffc1
32,data,30,1.4047924829237715,0.1723432834286429,80f7a2a2c09ec35ab965f6c815436cd9d9d64c3d59cd1df40dce4576a324c190
33,data,31,1.2619119986729823,0.17113389431053516,d3a0fa53f0dda114f575d38a9e3a7d09f23c3bf567e7475ab07a38373032c3b3
34,data,32,1.4844550408070027,0.1721827358030553,60299de77eec6883c7f4bc85aefbb205698c875b7275b03e3099642371a7a010
35,data,33,1.3511611954249267,0.17059891235147634,6c13267821c96cc7c7c7936697dac885eef89dcf4e2ed0555da177b541156708
36,data,34,1.3162212357296597,0.17335573422265604,9a332cc37632e87f4013ba687312d774cfe67b7a153a720b5060968a320e5ce8
37,data,35,1.3196595742412853,0.1706852522446314,190f64d76f4c9b8dfc801851788166160f3a5ce42f17d4e916f953334a03c32d
38,data,36,1.3932283634493208,0.17074652618810995,93de3ba8032358d48d686987f33fc00cc535efa0d03ce78a03f37d1e2040f7d9
39,data,37,1.4747923708322632,0.16982213496435447,bc9029edfc5b131f51e2d636fd8fe86f21d9133dcb1a24f31cc6a8ae1a06bd95
40,known_pilot,,0.6320511926737163,0.1716992297725869,7c5e5f69ea47134d9a0902b6dcfa59559b3c326b209a26dc4c91d53ea20f9759
41,data,38,1.6598008547361736,0.17382564447488896,bf1b09c10fa9ed911bc8443048b11d7ba6e9ac777f209571f5965ab68db978b2
42,data,39,1.5393991502963735,0.17167241304421782,3b4d5f5ec7616a21a2c7eeea4d0fc91afbd2f9fdbc966cc4b7d4dbeb6ec78fc9
43,data,40,1.3445862129613513,0.17218044802559218,058dfe2c02011a3c040c014be317e5724de0d8445f9a94e2c566fb28ea8683b3
44,data,41,1.434076887053517,0.1719311871646167,842fb152605b6242d5d292f48d3c714e0d0d35dff1b4c9f3fc51646cd9e7cf0d
45,data,42,1.2438973455916904,0.17005259964625594,40a57d9688beadcdd745a48bf157e75e769eb7f2df0a2708f6941b17a0e21467
46,data,43,1.2711125993908334,0.17116730178159342,943821d3238b9f0ee3749d929606df795cb34ffa5fe080a2ed32f49c8642762e
47,data,44,1.4145842846254297,0.17106911610430092,40462759c73e464d4d5cac9cadc5f10257185d2ac23a53610de30c4a7f5158f0
48,data,45,1.2957492880963362,0.1713351724376596,2eb4f2f246c05d0b1c19b787c7eee10327ca208dd742a11933a027f8ccdf596e
49,data,46,1.3217849986249997,0.17297035958894444,1e9981b973f566b9504a3b5ed41580cf4b466406ab15dca14808eca23002ca11
50,data,47,1.2541713314396767,0.17061942396990118,97ac0f582b949782c70f1ff592ca0e2be7e78d044205d5a31b0379f505aa2037
51,data,48,1.2109404612796708,0.17181201844718724,e4973371847588daee7823110a1e4edb2279e673176030792927948bad3e86d9
52,data,49,1.3763290797412082,0.1712929163963938,4fd3583d459ea69f74690320650da3d9001bb8115bc7ce91b9c270d8a3a6902c
53,data,50,1.0685024956789992,0.17087390069596586,0d02e6b6e8f6614fea71dd8c08a879bad32f1f2663b2404a592bb77f916a2b53
54,data,51,1.1962509074444518,0.17196140535423676,357d574628ab087c6903d15ed890359ab7d4e93ad4e20f47d0baf0114d668b9a
55,data,52,1.291713697346453,0.1718154731674831,78d80515bbb5ab0956143b40f0ebae81fe5e30cb3c317e0cd87f501e50446235
56,data,53,1.372023747887762,0.17022879740138722,83f6a795a1a774df7df87cf3c648b323f7e377cb7d3783e2d6200a8f39c85ed8
57,data,54,1.4251072149232087,0.1730877136366599,63640f3be5e9910e2cc3662ecd1b324c1eb9c2e9d3df1da779714e0e0e396140
58,data,55,1.4889325616596256,0.17053971433137396,d5606445a638b86397481668cdc7d096306414942433798e15cdf305cdc08fa0
59,data,56,1.433326459979096,0.17210578449974093,ecbfe2f5ce8a8865474254fc796da7a2476deff914a7ff5806ed847bbbdb24ae
60,known_pilot,,0.6320511926737163,0.1716992297725869,7c5e5f69ea47134d9a0902b6dcfa59559b3c326b209a26dc4c91d53ea20f9759
61,data,57,1.377617811915466,0.17061065326245076,15f0322e15c0457e051410c139ca577cb4f56784ff1c5cc3b7fa000b5192b22c
62,data,58,1.2975076325230996,0.17093941189764394,b499432bb3c4b4fcdfb5ee819835fdbcc22d09c0edc57b45a1f2887ba172965d
63,data,59,1.1662390079838203,0.171155625802017,9bf4411f585ecb5449de45673e7c158af2543c85fdf922f4ed252a03c6a19e5e
64,data,60,0.8204915302003255,0.17231427049535852,2e1b4191af443501b441e425ff3d48adb7b0cf2ac2e5e3ec0f424fff1e567985
65,data,61,0.7833982887646359,0.1732071015102786,49c0b263d7b6c2d9e20d6aefd99c40b68b4b5f7a2cf92cadc65f1d4e4e70b49f
66,data,62,0.7754361280999267,0.17001371216560007,811229749156e117355f498b569ba09bade79453b610bb06df2b636fcf08466a
67,data,63,0.6200368841678328,0.1711528090296256,7094a1911b8182f24b6e1fd3a459545c07078f8be5517ce48dbc178e6d9dbb3a
68,data,64,0.8018413038384238,0.17050814768349112,2f7a0a231346c09a493d870efc8848b2c9bbd083ab3173b53cdb688f06e948e9
69,data,65,0.7793370281105405,0.17199921414722621,27e843ab3001eaf12e7dcae73c77b86e6d3564b749e9f9c69f1969c757dadb95
70,data,66,0.6232171269478428,0.17183428634237422,f30feb14339c915af36172123618bcef5bb04b2394e9068ddec50f689be43f30
71,data,67,0.6351921640171148,0.17158108047903645,4a10eb9eafc57f120101f21fe214697f3da295aee240f48a5cb6bd2fb3693bee
72,data,68,0.6618480502693391,0.17121963533039258,049c5415951397a4f7d147f6ac47e35c6570584d46e7fe786aa2507a286cdf2e
73,data,69,0.6019242291308364,0.1713641924490986,e13229cb6fc3b757b635243b5afccb2d060f17781b8a8965d69d9292a1140cc1
74,data,70,0.7306831102141501,0.17089764133558055,567a1b37f09653490524a3e80b6d40907ff0bd643d48afe5cc43759aa151b94d
75,data,71,0.9594067097301101,0.17183837397393575,64ebb0b0bf4ca1b8fa6d574bbf303edcd3c5fd381a581ed88c58074c06c7835d
76,data,72,0.6204888460010541,0.17131729991818373,d9f27eaada014a46832f61684f2803e9c087ea1b51d57fa3d3a0bb15d9120f3e
77,data,73,0.6774339884212677,0.17090080281282113,d068069a5936ade8f9a33aa3dc0368463c66d0e5c59cd32e9615e60f3f432e16
78,data,74,0.7897787473200111,0.1716770238397946,393c4159345809b38ce0a661638d4308495584469bd648cdf41ae65f8037db4a
79,data,75,0.648934256893998,0.17171853391076738,7f6c85f45bb9ead10d607e7096f5716812ea8a4dcf96425fec9c58d2fd03cfbb
80,known_pilot,,0.6320511926737163,0.1716992297725869,7c5e5f69ea47134d9a0902b6dcfa59559b3c326b209a26dc4c91d53ea20f9759
81,data,76,0.6248990329099879,0.1704543217841262,ca0cc4ac26b5bbe71a525bb1ccbde291b511a8a77d567c95098afacab04761d1
82,data,77,0.6184241666769296,0.17163777184112664,b557140c236099e66c291809c0668c5efd3e1554d1be21255c20d425ce63fd24
83,data,78,0.6531305923688399,0.17108631897502727,cbcaabac9a9237c20d9569bd4be6a6048ba700181c248aa5804df93f74e3da75
84,data,79,0.7360398271216361,0.17069652532219973,6fb92e59ac825430d095ecfd139fb85090dc9adb879735388a630139d9cd3f65
85,data,80,0.797638183649054,0.1691813238004089,aa7abc005d581c4b923bb6388823a6745ade44272b269629210c4a6ca821f9ed
86,data,81,0.789676192980965,0.17120009644109013,fe0694022542a8e47d0c6759ecfcefea54e43caf46861c59ab09f9529dfb5e2b
87,data,82,0.8029663597962087,0.17147790574825741,cd5610f98cefb72397b0947e538ed332a553860f9e83cb0699041570c9912a90
88,data,83,0.6407502362941051,0.1706678769351564,d64279cc51a896c535b9058393adfd7e7dae8fba85a0aef78714ca8db9d46faf
89,data,84,0.7276446462540997,0.17066805738523877,fecd0a8e3d8e11b789980b78724e42f7339db34f3b38cb445f6ff24221191ce9
90,data,85,0.7735042927065943,0.17231750512083038,cdc3e52eef5f5028add8a679a6d2a0ea4d8d5cdd1dc817891fb1b051a038bea4
91,data,86,0.6431984165275856,0.17056149147411367,ae084b1c909e9d8e3dd554d473353aa0779ad158445f02603e30d4c9f3ffc7af
92,data,87,0.7212097497817376,0.1729752129919869,aafcc4cd6650064aad7832819fa12b233df38cbd90c746e2cd6d1141ef24c607
93,data,88,0.8055690165679422,0.17220945539749577,17d4331e2fde15f94264dafc205d31c926c1a2710dbdb0671f13b59fb8323dbf
94,data,89,0.6876171417654148,0.17210881795246455,2035caa33d3f39d49204e8d2937b56ff20cc63dbea19e41ddc3df1bd0384b752
