group,ldpc_block,success,iterations,llr_min,llr_median_abs,llr_mean_abs,llr_max,hard_one_fraction
1,1,True,1,-40.01334271877829,39.999715121465144,39.99976363972973,40.01101527535956,0.476775956284153
1,2,True,1,-40.013927306428734,40.00009584347234,39.999958969584135,40.015912810997435,0.48565573770491804
1,3,True,1,-40.01197686974335,40.0001038298425,39.99995735538413,40.01082087747537,0.4952185792349727
1,4,True,1,-40.01372567242046,40.00000129930422,39.999902099552884,40.013559558056535,0.47472677595628415
1,5,True,1,-40.012318010316974,39.99990321720597,39.999752707051094,40.01170536708592,0.47540983606557374
1,6,True,1,-40.014675419423085,39.99984485871765,39.99987210908299,40.010955752643106,0.5006830601092896
1,7,True,1,-40.017438649372735,39.999874614733955,39.99986241467317,40.016150863563,0.4842896174863388
1,8,True,1,-40.01433748879065,39.99998823559115,39.99995625284149,40.01309654677585,0.4822404371584699
1,9,True,1,-40.01293690303072,39.99989722623576,39.99981466814784,40.011904537027895,0.4822404371584699
1,10,True,1,-40.01351241578152,39.999855833976866,39.99994136633992,40.01091432957025,0.47950819672131145
1,11,True,1,-40.01385119657325,39.99981019887393,39.999859353492944,40.01318353610894,0.4918032786885246
1,12,True,1,-40.01166951651989,40.00006467441817,39.999839465241266,40.013386008375285,0.4890710382513661
1,13,True,1,-40.01491951691707,40.00000052952342,39.99988300124202,40.011033109726455,0.491120218579235
1,14,True,1,-40.01489036143824,39.999879776541995,39.99981122616553,40.01262074166232,0.49453551912568305
1,15,True,1,-40.012945401405496,39.999822637822604,39.99979139185298,40.01106055659235,0.4931693989071038
1,16,True,1,-40.01347528955146,39.99982009079291,39.99987221135695,40.012351711307865,0.4822404371584699
1,17,True,1,-40.012015677947936,40.000013249573584,40.00000439194467,40.01305611511564,0.47404371584699456
1,18,True,1,-40.01458669267784,39.99983191966487,39.99978989880975,40.014813356631684,0.4883879781420765
1,19,True,1,-40.01322226550944,40.00011891222249,40.000032188477896,40.01152441336602,0.48975409836065575
1,20,True,1,-40.01384014855222,40.00011450283864,39.999946110507054,40.01182704009125,0.47882513661202186
1,21,True,1,-40.015017475148014,40.000156314526386,39.99997307804101,40.0150532894604,0.46789617486338797
1,22,True,1,-40.01208766797691,39.9999769908605,39.99992910289542,40.01061508715813,0.48770491803278687
1,23,True,1,-40.01240361015619,39.99976276257587,39.99988680856903,40.013268622882144,0.4842896174863388
1,24,True,1,-40.01177954001568,39.99996681780191,39.99991889588806,40.01519363266895,0.4713114754098361
1,25,True,1,-40.0138930829516,39.99997709814438,39.99996511131515,40.01147823185814,0.48975409836065575
1,26,True,1,-40.013862822372985,40.000030017124594,39.999955951568744,40.010938810759875,0.4870218579234973
1,27,True,1,-40.01543924472777,39.99984745405152,39.99985358021361,40.01037520354249,0.4692622950819672
1,28,True,1,-40.020596705546886,40.00001592231655,39.999961104008115,40.01114648847301,0.4808743169398907
1,29,True,1,-40.01212251476884,39.999808020459525,39.99986862822952,40.01342906799728,0.47062841530054644
1,30,True,1,-40.01838912474364,40.00010169540983,39.99988627692542,40.012129390325704,0.49453551912568305
1,31,True,1,-40.01160447339089,39.999871634983464,39.99988354675514,40.01189919682554,0.48565573770491804
1,32,True,1,-40.01835335479679,39.999922859415705,39.99985262501287,40.01234194774112,0.47882513661202186
1,33,True,1,-40.01413874029191,39.99995126241855,39.999965203586875,40.01045919895516,0.49043715846994534
1,34,True,1,-40.01352291404751,39.99993902957674,39.99992293290943,40.01096591791095,0.49453551912568305
1,35,True,1,-40.01384858885525,39.9999742546,39.99987924093198,40.01118585875348,0.5006830601092896
2,1,True,1,-40.01580962567178,39.99964942203455,39.99971945917745,40.00951953224713,0.5095628415300546
2,2,True,1,-40.01596630230809,39.99993579017162,39.99985490060506,40.013064885029564,0.4822404371584699
2,3,True,1,-40.01599468810959,40.00000738894232,39.99989823278704,40.01029154724978,0.4822404371584699
2,4,True,1,-40.015272336946055,39.9999672529093,40.00000065748028,40.01129234838447,0.4918032786885246
2,5,True,1,-40.01291156082504,39.9999189504668,39.999910387506354,40.011084542956475,0.4760928961748634
2,6,True,1,-40.01284112279854,39.99989596802323,39.99990914681519,40.011361222760215,0.491120218579235
2,7,True,1,-40.013817588067276,39.99997956792699,39.99995337541551,40.01146913464691,0.4918032786885246
2,8,True,1,-40.01504107143232,39.999904353037024,39.999784934478946,40.012876892372454,0.47062841530054644
2,9,True,1,-40.01405342617622,40.00004234227825,39.9999530370621,40.01388182477616,0.48565573770491804
2,10,True,1,-40.011998388071525,39.99980656764051,39.99983135595895,40.01264446987607,0.4918032786885246
2,11,True,1,-40.01343790842916,39.99965181940044,39.99984154365151,40.013839215062866,0.4733606557377049
2,12,True,1,-40.01353512131914,39.99999666509807,40.00002196155267,40.01299481952222,0.4890710382513661
2,13,True,1,-40.016402864024734,39.999827364040286,39.99984282797549,40.012860826309165,0.4924863387978142
2,14,True,1,-40.0147620957426,39.99987682127612,39.999787688953994,40.01081284398781,0.48155737704918034
2,15,True,1,-40.01367123735856,39.99995355407814,39.999793791456916,40.01152975692415,0.505464480874317
2,16,True,1,-40.01562702511903,40.00003006028511,39.999967161643745,40.011342735328654,0.48770491803278687
2,17,True,1,-40.01394124172618,39.99984921116344,39.999836364937686,40.010931500729086,0.4719945355191257
2,18,True,1,-40.01577099314008,39.999943033847345,39.9998556186833,40.011470950739664,0.49658469945355194
2,19,True,1,-40.0127717324464,39.999968647920014,39.99992212233743,40.01343337034442,0.4870218579234973
2,20,True,1,-40.01656752704499,39.999776461138026,39.999728316866076,40.011348890901665,0.48770491803278687
2,21,True,1,-40.014553426930426,39.99984248518666,40.000030779853276,40.01421984868758,0.4979508196721312
2,22,True,1,-40.01488008927616,39.99963439640449,39.9996659375568,40.01522406679974,0.4583333333333333
2,23,True,1,-40.01336976884168,40.000257589958466,40.00001010914352,40.01136220005548,0.49043715846994534
2,24,True,1,-40.01409823291459,39.999900393022955,39.99991015438489,40.01214001086253,0.4993169398907104
2,25,True,1,-40.012853379074805,39.99978127775898,39.999785051736495,40.01391216445343,0.4822404371584699
2,26,True,1,-40.014616265616816,40.000144365494215,40.00006289131906,40.01375886639672,0.4931693989071038
2,27,True,1,-40.0150194602731,39.99980384783622,39.999802809285065,40.01254173211083,0.48633879781420764
2,28,True,1,-40.014119084573046,40.0000216185577,40.00007162914023,40.01233859402962,0.491120218579235
2,29,True,1,-40.014639394786194,40.00001314816636,39.999886288010096,40.011030851802445,0.4692622950819672
2,30,True,1,-40.01473475220768,39.99986592092747,39.999836618516255,40.01053431972028,0.5027322404371585
2,31,True,1,-40.0127455396937,40.00010390500593,39.99996514272006,40.01164476593038,0.46994535519125685
2,32,True,1,-40.01361063576858,39.99994753971928,39.99992882695921,40.01129824219736,0.5
2,33,True,1,-40.015762344366685,39.9999256021727,39.99991736560593,40.013077260748325,0.4883879781420765
2,34,True,1,-40.015335990352334,39.99982670675867,39.99972118833748,40.01116356350916,0.47540983606557374
2,35,True,1,-40.01770049339476,39.99996562835321,39.99989169254072,40.01195438093111,0.5047814207650273
3,1,True,1,-40.01371398954431,39.99994385118379,39.999939800269395,40.01308843808016,0.4918032786885246
3,2,True,1,-40.01401480092161,40.000172683123665,40.000040548142806,40.01190434499523,0.4918032786885246
3,3,True,1,-40.013408167792875,40.00003197752931,40.00010253576267,40.01368643997226,0.5020491803278688
3,4,True,1,-40.01442670378934,39.99987427626253,39.99997534867986,40.01101616622657,0.4870218579234973
3,5,True,1,-40.01514641046238,39.99998312180255,39.99997323842268,40.012350163426994,0.4959016393442623
3,6,True,1,-40.014121573732915,40.0000017852981,39.999879940412846,40.011370296839054,0.49043715846994534
3,7,True,1,-40.016232967379956,39.99991757820339,39.999966662738025,40.01336728009263,0.4972677595628415
3,8,True,1,-40.01503978610469,39.99986583284617,39.999926782377266,40.0123555671915,0.4822404371584699
3,9,True,1,-40.014671731463146,39.99997749618072,39.999895932270654,40.01094312826699,0.4959016393442623
3,10,True,1,-40.01323956105985,39.99998356413061,39.9998312366807,40.01144610577987,0.48155737704918034
3,11,True,1,-40.01417204284012,39.99968576776071,39.99972005750503,40.0137619755487,0.4870218579234973
3,12,True,1,-40.01709103362101,39.99988486001045,39.99986137183387,40.01271777460854,0.48633879781420764
3,13,True,1,-40.011554508752994,39.99987484395841,39.99987097334011,40.013757395722244,0.476775956284153
3,14,True,1,-40.01410413022643,40.00014741987691,40.0000953740494,40.01315839790326,0.514344262295082
3,15,True,1,-40.014820334560625,39.999919608050085,39.99992415896909,40.01226333075326,0.5020491803278688
3,16,True,1,-40.01819167101593,39.99973578199082,39.99968287950385,40.012098717561564,0.48770491803278687
3,17,True,1,-40.01593992958453,40.000105832052235,40.000035679602135,40.010968788473065,0.5075136612021858
3,18,True,1,-40.01473169228472,39.99979855471892,39.99985047087583,40.01256527178514,0.5116120218579235
3,19,True,1,-40.01401336676856,40.00013150052419,40.00010038144515,40.01790468970096,0.5136612021857924
3,20,True,1,-40.014722322360335,39.999934009800754,40.00001216667275,40.012897236143374,0.4952185792349727
3,21,True,1,-40.01314247381503,39.99999703537081,39.999970941591876,40.012470196531005,0.5129781420765027
3,22,True,1,-40.01668727934599,40.000004454190645,39.99993462283739,40.01236884841629,0.47950819672131145
3,23,True,1,-40.01310727928864,39.99986914951093,39.99989108409056,40.011326443234545,0.5020491803278688
3,24,True,1,-40.01486299084502,39.99997518634768,39.99983286110229,40.0107314308349,0.4781420765027322
3,25,True,1,-40.013275700315525,39.99997177039151,39.99989334394867,40.01089421520081,0.4972677595628415
3,26,True,1,-40.01758047019434,39.99997194068573,39.999924757574156,40.01453203003922,0.4924863387978142
3,27,True,1,-40.01692639977965,40.00007357172726,39.99990312526721,40.011398146411416,0.5075136612021858
3,28,True,1,-40.0126313079802,39.99982444553203,39.99988326253071,40.012558928144195,0.47540983606557374
3,29,True,1,-40.01214952863137,40.00004974869353,39.99991148830421,40.011279008751174,0.5006830601092896
3,30,True,1,-40.012703752523336,40.00004059196425,39.99990908123275,40.01175149428115,0.49658469945355194
3,31,True,1,-40.01407440859886,39.999993251702406,40.00000568261931,40.014095452344655,0.51775956284153
3,32,True,1,-40.013758121802915,39.99976290341825,39.99986789645234,40.01199051571618,0.5020491803278688
3,33,True,1,-40.01560152663142,39.99993637904511,39.999955638648274,40.01231641686092,0.49453551912568305
3,34,True,1,-40.01345832807983,39.999906471749,39.999920337434645,40.014723380583796,0.5075136612021858
3,35,True,1,-40.0133029926198,39.999992984955,39.99994672350203,40.01149488391538,0.49385245901639346
